;Sample No.;Order;sig_max_cl_dc;sig_min_cl_dc;sig_max_s_dc;sig_min_s_dc
0;1.0;1.0;4.9287121852773925;0.32535399930611447;1.088682499734231;0.999985237153647
1;2.0;2.0;49.43863242910465;0.04770480091355366;56.570514713527515;0.9999999999799415
2;3.0;3.0;1.278637594812988;0.9999999383536261;1.2343084341672914;0.9999999999998996
3;4.0;4.0;2.6083790733308945;0.9999999780863854;2.701433164769007;1.0
4;5.0;5.0;61.851523140127576;0.9999999179018157;71.4661121461291;1.0
5;6.0;6.0;1.4255366505965514;0.9999999825693872;1.1660255189457767;1.0
6;7.0;7.0;5.304123975859765;0.9999999505705107;5.626179004881833;1.0000000000000002
7;8.0;8.0;10.166800451353;0.9999999873928963;5.840168696600629;1.0000000000000004
